20;Kaos Volcom;Kaos;All Size;Hitam;50000;Bahan : Katun Combed 30s Reaktif. Sablon : Discharge,Print,Rubber,Raster,Plastisol;4;gambar_produk/kaos1.jpg
21;Kaos Volcom;Kaos;All Size;Hitam;50000;Bahan : Katun Combed 30s Reaktif. Sablon : Discharge,Print,Rubber,Raster,Plastisol;5;gambar_produk/kaos1.jpg
22;Kaos Insight;Kaos;All Size;Hitam;60000;Bahan : Katun Combed 30s Reaktif. Sablon : Discharge,Print,Rubber,Raster,Plastisol;10;gambar_produk/kaos2.jpg
23;Kaos Hurley;Kaos;All Size;Abu - abu;65000;Bahan : Katun Combed 30s Reaktif. Sablon : Discharge,Print,Rubber,Raster,Plastisol;15;gambar_produk/kaos3.jpg
24;Kaos Rip Curl;Kaos;All Size;Hitam;50000;Bahan : Katun Combed 30s Reaktif. Sablon : Discharge,Print,Rubber,Raster,Plastisol;20;gambar_produk/kaos4.jpg
25;Kaos Rip Curl;Kaos;All Size;Hitam;70000;Bahan : Katun Combed 30s Reaktif. Sablon : Discharge,Print,Rubber,Raster,Plastisol;25;gambar_produk/kaos5.jpg
26;Kaos Insight;Kaos;All Size;Hitam;65000;Bahan : Katun Combed 30s Reaktif. Sablon : Discharge,Print,Rubber,Raster,Plastisol;30;gambar_produk/kaos6.jpg
27;Kaos Rip Curl;Kaos;All Size;Putih;75000;Bahan : Katun Combed 30s Reaktif. Sablon : Discharge,Print,Rubber,Raster,Plastisol;25;gambar_produk/kaos7.jpg
28;Kaos Billabong;Kaos;All Size;Biru Navy;55000;Bahan : Katun Combed 30s Reaktif. Sablon : Discharge,Print,Rubber,Raster,Plastisol;20;gambar_produk/kaos8.jpg
29;Kaos Insight;Kaos;All Size;Biru Navy;50000;Bahan : Katun Combed 30s Reaktif. Sablon : Discharge,Print,Rubber,Raster,Plastisol;15;gambar_produk/kaos9.jpg
30;Kaos Volcom;Kaos;All Size;Hitam;80000;Bahan : Katun Combed 30s Reaktif. Sablon : Discharge,Print,Rubber,Raster,Plastisol;10;gambar_produk/kaos10.jpg
31;Kaos Rip Curl;Kaos;All Size;Biru Navy;65000;Bahan : Katun Combed 30s Reaktif. Sablon : Discharge,Print,Rubber,Raster,Plastisol;5;gambar_produk/kaos11.jpg
32;Kaos Insight;Kaos;All Size;Hitam;55000;Bahan : Katun Combed 30s Reaktif. Sablon : Discharge,Print,Rubber,Raster,Plastisol;10;gambar_produk/kaos12.jpg
33;Kaos Volcom;Kaos;All Size;Hitam;50000;Bahan : Katun Combed 30s Reaktif. Sablon : Discharge,Print,Rubber,Raster,Plastisol;15;gambar_produk/kaos13.jpg
34;Kaos Volcom Stone;Kaos;All Size;Putih;70000;Bahan : Katun Combed 30s Reaktif. Sablon : Discharge,Print,Rubber,Raster,Plastisol;20;gambar_produk/kaos14.jpg
35;Kaos Rip Curl;Kaos;All Size;Hitam;75000;Bahan : Katun Combed 30s Reaktif. Sablon : Discharge,Print,Rubber,Raster,Plastisol;25;gambar_produk/kaos15.jpg
36;Kaos Supreme;Kaos;All Size;Hitam;65000;Bahan : Katun Combed 30s Reaktif. Sablon : Discharge,Print,Rubber,Raster,Plastisol;30;gambar_produk/kaos16.jpg
37;Kaos Volcom;Kaos;All Size;Putih;60000;Bahan : Katun Combed 30s Reaktif. Sablon : Discharge,Print,Rubber,Raster,Plastisol;25;gambar_produk/kaos17.jpg
38;Kaos Billabong;Kaos;All Size;Hitam;55000;Bahan : Katun Combed 30s Reaktif. Sablon : Discharge,Print,Rubber,Raster,Plastisol;20;gambar_produk/kaos18.jpg
39;Kaos Billabong;Kaos;All Size;Hitam;80000;Bahan : Katun Combed 30s Reaktif. Sablon : Discharge,Print,Rubber,Raster,Plastisol;15;gambar_produk/kaos19.jpg
40;Kaos Hurley;Kaos;All Size;Putih;80000;Bahan : Katun Combed 30s Reaktif. Sablon : Discharge,Print,Rubber,Raster,Plastisol;10;gambar_produk/kaos20.jpg
41;Kaos Volcom;Kaos;All Size;Putih;75000;Bahan : Katun Combed 30s Reaktif. Sablon : Discharge,Print,Rubber,Raster,Plastisol;5;gambar_produk/kaos21.jpg
42;Kaos Rip Curl;Kaos;All Size;Hitam;70000;Bahan : Katun Combed 30s Reaktif. Sablon : Discharge,Print,Rubber,Raster,Plastisol;10;gambar_produk/kaos22.jpg
43;Kaos Supreme;Kaos;All Size;Hitam;65000;Bahan : Katun Combed 30s Reaktif. Sablon : Discharge,Print,Rubber,Raster,Plastisol;15;gambar_produk/kaos23.jpg
44;Kaos Rip Curl;Kaos;All Size;Hitam;60000;Bahan : Katun Combed 30s Reaktif. Sablon : Discharge,Print,Rubber,Raster,Plastisol;20;gambar_produk/kaos24.jpg
45;Kaos Volcom Stone;Kaos;All Size;Putih;70000;Bahan : Katun Combed 30s Reaktif. Sablon : Discharge,Print,Rubber,Raster,Plastisol;25;gambar_produk/kaos25.jpg
46;Kaos Billabong;Kaos;All Size;Putih;75000;Bahan : Katun Combed 30s Reaktif. Sablon : Discharge,Print,Rubber,Raster,Plastisol;30;gambar_produk/kaos26.jpg
47;Kaos Rip Curl;Kaos;All Size;Biru ;60000;Bahan : Katun Combed 30s Reaktif. Sablon : Discharge,Print,Rubber,Raster,Plastisol;25;gambar_produk/kaos27.jpg
48;Kaos Insight;Kaos;All Size;Orange;80000;Bahan : Katun Combed 30s Reaktif. Sablon : Discharge,Print,Rubber,Raster,Plastisol;20;gambar_produk/kaos28.jpg
49;Kaos Insight;Kaos;All Size;Biru;65000;Bahan : Katun Combed 30s Reaktif. Sablon : Discharge,Print,Rubber,Raster,Plastisol;15;gambar_produk/kaos29.jpg
50;Kaos Rip Curl;Kaos;All Size;Hitam;55000;Bahan : Katun Combed 30s Reaktif. Sablon : Discharge,Print,Rubber,Raster,Plastisol;10;gambar_produk/kaos30.jpg
51;Kemeja Batik;Kemeja;All Size;Hijau;85000;Bahan : Cotton. Kancing Baju Tembus, Full Hangtag dan Label;10;gambar_produk/kemeja1.jpg
52;Kemeja Batik;Kemeja;All Size;Biru;85000;Bahan : Cotton. Kancing Baju Tembus, Full Hangtag dan Label;15;gambar_produk/kemeja2.jpg
53;Kemeja Batik;Kemeja;All Size;Kuning;85000;Bahan : Cotton. Kancing Baju Tembus, Full Hangtag dan Label;20;gambar_produk/kemeja3.jpg
54;Kemeja Batik;Kemeja;All Size;Abu - abu;85000;Bahan : Cotton. Kancing Baju Tembus, Full Hangtag dan Label;25;gambar_produk/kemeja4.jpg
55;Kemeja Polos;Kemeja;All Size;Hitam;75000;Bahan : Cotton. Kancing Baju Tembus, Full Hangtag dan Label;30;gambar_produk/kemeja5.jpg
56;Kemeja Motif;Kemeja;All Size;Abu - abu;80000;Bahan : Cotton. Kancing Baju Tembus, Full Hangtag dan Label;30;gambar_produk/kemeja6.jpg
57;Kemeja Garis;Kemeja;All Size;Cream;70000;Bahan : Cotton. Kancing Baju Tembus, Full Hangtag dan Label;25;gambar_produk/kemeja7.jpg
58;Kemeja Polos;Kemeja;All Size;Pink;75000;Bahan : Cotton. Kancing Baju Tembus, Full Hangtag dan Label;20;gambar_produk/kemeja8.jpg
59;Kemeja Garis;Kemeja;All Size;Cream;70000;Bahan : Cotton. Kancing Baju Tembus, Full Hangtag dan Label;15;gambar_produk/kemeja9.jpg
60;Kemeja Motif;Kemeja;All Size;Hitam;80000;Bahan : Cotton. Kancing Baju Tembus, Full Hangtag dan Label;10;gambar_produk/kemeja10.jpg
61;Kemeja Polos;Kemeja;All Size;Merah;75000;Bahan : Cotton. Kancing Baju Tembus, Full Hangtag dan Label;10;gambar_produk/kemeja11.jpg
62;Kemeja Polos;Kemeja;All Size;Biru Muda;75000;Bahan : Cotton. Kancing Baju Tembus, Full Hangtag dan Label;15;gambar_produk/kemeja12.jpg
63;Kemeja Batik;Kemeja;All Size;Abu - abu;85000;Bahan : Cotton. Kancing Baju Tembus, Full Hangtag dan Label;20;gambar_produk/kemeja13.jpg
64;Kemeja Motif;Kemeja;All Size;Putih;80000;Bahan : Cotton. Kancing Baju Tembus, Full Hangtag dan Label;25;gambar_produk/kemeja14.jpg
65;Kemeja Motif;Kemeja;All Size;Putih;80000;Bahan : Cotton. Kancing Baju Tembus, Full Hangtag dan Label;30;gambar_produk/kemeja15.jpg
66;Kemeja Polos;Kemeja;All Size;Biru Muda;75000;Bahan : Cotton. Kancing Baju Tembus, Full Hangtag dan Label;30;gambar_produk/kemeja16.jpg
67;Kemeja Batik;Kemeja;All Size;Hitam;85000;Bahan : Cotton. Kancing Baju Tembus, Full Hangtag dan Label;30;gambar_produk/kemeja17.jpg
68;Kemeja Batik;Kemeja;All Size;Cream;85000;Bahan : Cotton. Kancing Baju Tembus, Full Hangtag dan Label;25;gambar_produk/kemeja18.jpg
69;Kemeja Motif;Kemeja;All Size;Hitam;80000;Bahan : Cotton. Kancing Baju Tembus, Full Hangtag dan Label;20;gambar_produk/kemeja19.jpg
70;Kemeja Polos;Kemeja;All Size;Putih;75000;Bahan : Cotton. Kancing Baju Tembus, Full Hangtag dan Label;15;gambar_produk/kemeja20.jpg
71;Kemeja Garis;Kemeja;All Size;Cream;70000;Bahan : Cotton. Kancing Baju Tembus, Full Hangtag dan Label;10;gambar_produk/kemeja21.jpg
72;Kemeja Garis;Kemeja;All Size;Abu - abu;70000;Bahan : Cotton. Kancing Baju Tembus, Full Hangtag dan Label;10;gambar_produk/kemeja22.jpg
73;Kemeja Garis;Kemeja;All Size;Abu - abu;70000;Bahan : Cotton. Kancing Baju Tembus, Full Hangtag dan Label;15;gambar_produk/kemeja23.jpg
74;Kemeja Garis;Kemeja;All Size;Biru;70000;Bahan : Cotton. Kancing Baju Tembus, Full Hangtag dan Label;20;gambar_produk/kemeja24.jpg
75;Kemeja Garis;Kemeja;All Size;Biru Muda;70000;Bahan : Cotton. Kancing Baju Tembus, Full Hangtag dan Label;25;gambar_produk/kemeja25.jpg
76;Kemeja Polos;Kemeja;All Size;Cream;75000;Bahan : Cotton. Kancing Baju Tembus, Full Hangtag dan Label;30;gambar_produk/kemeja26.jpg
77;Kemeja Garis;Kemeja;All Size;Cream;70000;Bahan : Cotton. Kancing Baju Tembus, Full Hangtag dan Label;30;gambar_produk/kemeja27.jpg
78;Kemeja Garis;Kemeja;All Size;Hijau;70000;Bahan : Cotton. Kancing Baju Tembus, Full Hangtag dan Label;25;gambar_produk/kemeja28.jpg
79;Kemeja Garis;Kemeja;All Size;Abu - abu;70000;Bahan : Cotton. Kancing Baju Tembus, Full Hangtag dan Label;20;gambar_produk/kemeja29.jpg
80;Kemeja Polos;Kemeja;All Size;Abu - abu;75000;Bahan : Cotton. Kancing Baju Tembus, Full Hangtag dan Label;15;gambar_produk/kemeja30.jpg
81;Boxer QuikSilver;Boxer;All Size;Random;45000;Bahan : Katun Halus 30s Design Full Print, Adem & nyaman, bisa di pakai cowok / cewek;10;gambar_produk/boxer1.jpg
82;Boxer Hurley;Boxer;All Size;Random;45000;Bahan : Katun Halus 30s Design Full Print, Adem & nyaman, bisa di pakai cowok / cewek;15;gambar_produk/boxer2.jpg
83;Boxer Volcom;Boxer;All Size;Random;45000;Bahan : Katun Halus 30s Design Full Print, Adem & nyaman, bisa di pakai cowok / cewek;20;gambar_produk/boxer3.jpg
84;Boxer Fila;Boxer;All Size;Random;45000;Bahan : Katun Halus 30s Design Full Print, Adem & nyaman, bisa di pakai cowok / cewek;25;gambar_produk/boxer4.jpg
85;Boxer Fila;Boxer;All Size;Random;45000;Bahan : Katun Halus 30s Design Full Print, Adem & nyaman, bisa di pakai cowok / cewek;30;gambar_produk/boxer5.jpg
86;Boxer Spyder;Boxer;All Size;Random;45000;Bahan : Katun Halus 30s Design Full Print, Adem & nyaman, bisa di pakai cowok / cewek;30;gambar_produk/boxer6.jpg
87;Boxer Bilabong;Boxer;All Size;Random;45000;Bahan : Katun Halus 30s Design Full Print, Adem & nyaman, bisa di pakai cowok / cewek;25;gambar_produk/boxer7.jpg
88;Boxer Vans;Boxer;All Size;Random;45000;Bahan : Katun Halus 30s Design Full Print, Adem & nyaman, bisa di pakai cowok / cewek;20;gambar_produk/boxer8.jpg
89;Boxer Thrasher;Boxer;All Size;Random;45000;Bahan : Katun Halus 30s Design Full Print, Adem & nyaman, bisa di pakai cowok / cewek;15;gambar_produk/boxer9.jpg
90;Boxer QuikSilver;Boxer;All Size;Random;45000;Bahan : Katun Halus 30s Design Full Print, Adem & nyaman, bisa di pakai cowok / cewek;10;gambar_produk/boxer10.jpg
91;Boxer Volcom;Boxer;All Size;Random;45000;Bahan : Katun Halus 30s Design Full Print, Adem & nyaman, bisa di pakai cowok / cewek;10;gambar_produk/boxer11.jpg
92;Boxer Volcom;Boxer;All Size;Random;45000;Bahan : Katun Halus 30s Design Full Print, Adem & nyaman, bisa di pakai cowok / cewek;15;gambar_produk/boxer12.jpg
93;Boxer QuikSilver;Boxer;All Size;Random;45000;Bahan : Katun Halus 30s Design Full Print, Adem & nyaman, bisa di pakai cowok / cewek;20;gambar_produk/boxer13.jpg
94;Boxer Volcom;Boxer;All Size;Random;45000;Bahan : Katun Halus 30s Design Full Print, Adem & nyaman, bisa di pakai cowok / cewek;25;gambar_produk/boxer14.jpg
95;Boxer Volcom;Boxer;All Size;Random;45000;Bahan : Katun Halus 30s Design Full Print, Adem & nyaman, bisa di pakai cowok / cewek;30;gambar_produk/boxer15.jpg
96;Boxer Volcom;Boxer;All Size;Random;45000;Bahan : Katun Halus 30s Design Full Print, Adem & nyaman, bisa di pakai cowok / cewek;30;gambar_produk/boxer16.jpg
97;Boxer Volcom;Boxer;All Size;Random;45000;Bahan : Katun Halus 30s Design Full Print, Adem & nyaman, bisa di pakai cowok / cewek;25;gambar_produk/boxer17.jpg
98;Boxer Volcom;Boxer;All Size;Random;45000;Bahan : Katun Halus 30s Design Full Print, Adem & nyaman, bisa di pakai cowok / cewek;20;gambar_produk/boxer18.jpg
99;Boxer Volcom;Boxer;All Size;Random;45000;Bahan : Katun Halus 30s Design Full Print, Adem & nyaman, bisa di pakai cowok / cewek;15;gambar_produk/boxer19.jpg
100;Boxer Volcom;Boxer;All Size;Random;45000;Bahan : Katun Halus 30s Design Full Print, Adem & nyaman, bisa di pakai cowok / cewek;10;gambar_produk/boxer20.jpg
101;Boxer Hurley;Boxer;All Size;Random;45000;Bahan : Katun Halus 30s Design Full Print, Adem & nyaman, bisa di pakai cowok / cewek;10;gambar_produk/boxer21.jpg
102;Boxer Volcom;Boxer;All Size;Random;45000;Bahan : Katun Halus 30s Design Full Print, Adem & nyaman, bisa di pakai cowok / cewek;15;gambar_produk/boxer22.jpg
103;Boxer Volcom;Boxer;All Size;Random;45000;Bahan : Katun Halus 30s Design Full Print, Adem & nyaman, bisa di pakai cowok / cewek;20;gambar_produk/boxer23.jpg
104;Boxer Hurley;Boxer;All Size;Random;45000;Bahan : Katun Halus 30s Design Full Print, Adem & nyaman, bisa di pakai cowok / cewek;25;gambar_produk/boxer24.jpg
105;Boxer Volcom;Boxer;All Size;Random;45000;Bahan : Katun Halus 30s Design Full Print, Adem & nyaman, bisa di pakai cowok / cewek;30;gambar_produk/boxer25.jpg
106;Boxer Volcom;Boxer;All Size;Random;45000;Bahan : Katun Halus 30s Design Full Print, Adem & nyaman, bisa di pakai cowok / cewek;30;gambar_produk/boxer26.jpg
107;Boxer Supreme;Boxer;All Size;Random;45000;Bahan : Katun Halus 30s Design Full Print, Adem & nyaman, bisa di pakai cowok / cewek;25;gambar_produk/boxer27.jpg
108;Boxer Volcom;Boxer;All Size;Random;45000;Bahan : Katun Halus 30s Design Full Print, Adem & nyaman, bisa di pakai cowok / cewek;20;gambar_produk/boxer28.jpg
109;Boxer Volcom;Boxer;All Size;Random;45000;Bahan : Katun Halus 30s Design Full Print, Adem & nyaman, bisa di pakai cowok / cewek;15;gambar_produk/boxer29.jpg
110;Boxer Volcom;Boxer;All Size;Random;45000;Bahan : Katun Halus 30s Design Full Print, Adem & nyaman, bisa di pakai cowok / cewek;10;gambar_produk/boxer30.jpg
111;Boxer QuikSilver;Boxer;All Size;Random;45000;Bahan : Katun Halus 30s Design Full Print, Adem & nyaman, bisa di pakai cowok / cewek;10;gambar_produk/boxer31.jpg
112;Boxer QuikSilver;Boxer;All Size;Random;45000;Bahan : Katun Halus 30s Design Full Print, Adem & nyaman, bisa di pakai cowok / cewek;15;gambar_produk/boxer32.jpg
113;Boxer Volcom;Boxer;All Size;Random;45000;Bahan : Katun Halus 30s Design Full Print, Adem & nyaman, bisa di pakai cowok / cewek;20;gambar_produk/boxer33.jpg
114;Boxer Bilabong;Boxer;All Size;Random;45000;Bahan : Katun Halus 30s Design Full Print, Adem & nyaman, bisa di pakai cowok / cewek;25;gambar_produk/boxer34.jpg
115;Boxer Volcom;Boxer;All Size;Random;45000;Bahan : Katun Halus 30s Design Full Print, Adem & nyaman, bisa di pakai cowok / cewek;30;gambar_produk/boxer35.jpg
116;Boxer RipCurl;Boxer;All Size;Random;45000;Bahan : Katun Halus 30s Design Full Print, Adem & nyaman, bisa di pakai cowok / cewek;30;gambar_produk/boxer36.jpg
117;Boxer Volcom;Boxer;All Size;Random;45000;Bahan : Katun Halus 30s Design Full Print, Adem & nyaman, bisa di pakai cowok / cewek;25;gambar_produk/boxer37.jpg
118;Jaket;Jaket;All Size;Biru Muda;145000;Bahan : Canvas twill tebal bisa di pakai cowok / cewek;15;gambar_produk/jaket1.jpg
119;Jaket;Jaket;All Size;Cream;145000;Bahan : Canvas twill tebal bisa di pakai cowok / cewek;15;gambar_produk/jaket2.jpg
120;Jaket;Jaket;All Size;Hijau;145000;Bahan : Canvas twill tebal bisa di pakai cowok / cewek;15;gambar_produk/jaket3.jpg
121;Jaket;Jaket;All Size;Hitam;145000;Bahan : Canvas twill tebal bisa di pakai cowok / cewek;15;gambar_produk/jaket4.jpg
122;Jaket;Jaket;All Size;Biru Muda;145000;Bahan : Canvas twill tebal bisa di pakai cowok / cewek;15;gambar_produk/jaket5.jpg
123;Jaket;Jaket;All Size;Maron;145000;Bahan : Canvas twill tebal bisa di pakai cowok / cewek;15;gambar_produk/jaket6.jpg
124;Jaket;Jaket;All Size;Hitam;145000;Bahan : Canvas twill tebal bisa di pakai cowok / cewek;15;gambar_produk/jaket7.jpg
125;Jaket;Jaket;All Size;Biru Muda;145000;Bahan : Canvas twill tebal bisa di pakai cowok / cewek;15;gambar_produk/jaket8.jpg
126;Jaket;Jaket;All Size;Random;145000;Bahan : Canvas twill tebal bisa di pakai cowok / cewek;15;gambar_produk/jaket9.jpg
127;Jaket;Jaket;All Size;Hijau;145000;Bahan : Canvas twill tebal bisa di pakai cowok / cewek;15;gambar_produk/jaket10.jpg
128;Celana Pendek;Celana Pendek;All Size;Putih;85000;Bahan : Twill import, modern fit bahan adem & nyaman di pakai;10;gambar_produk/celanapendek1.jpg
129;Celana Pendek;Celana Pendek;All Size;Cream;85000;Bahan : Twill import, modern fit bahan adem & nyaman di pakai;15;gambar_produk/celanapendek2.jpg
130;Celana Pendek;Celana Pendek;All Size;Hijau;85000;Bahan : Twill import, modern fit bahan adem & nyaman di pakai;20;gambar_produk/celanapendek3.jpg
131;Celana Pendek;Celana Pendek;All Size;Kuning;85000;Bahan : Twill import, modern fit bahan adem & nyaman di pakai;25;gambar_produk/celanapendek4.jpg
132;Celana Pendek;Celana Pendek;All Size;Cream;85000;Bahan : Twill import, modern fit bahan adem & nyaman di pakai;30;gambar_produk/celanapendek5.jpg
133;Celana Pendek;Celana Pendek;All Size;Biru Navy;85000;Bahan : Twill import, modern fit bahan adem & nyaman di pakai;30;gambar_produk/celanapendek6.jpg
134;Celana Pendek;Celana Pendek;All Size;Biru Navy;85000;Bahan : Twill import, modern fit bahan adem & nyaman di pakai;25;gambar_produk/celanapendek7.jpg
135;Celana Pendek;Celana Pendek;All Size;Cream;85000;Bahan : Twill import, modern fit bahan adem & nyaman di pakai;20;gambar_produk/celanapendek8.jpg
136;Celana Pendek;Celana Pendek;All Size;Hitam;85000;Bahan : Twill import, modern fit bahan adem & nyaman di pakai;15;gambar_produk/celanapendek9.jpg
137;Celana Pendek;Celana Pendek;All Size;Cream;85000;Bahan : Twill import, modern fit bahan adem & nyaman di pakai;10;gambar_produk/celanapendek10.jpg
138;Celana Pendek;Celana Pendek;All Size;Abu - abu;85000;Bahan : Twill import, modern fit bahan adem & nyaman di pakai;10;gambar_produk/celanapendek11.jpg
139;Celana Pendek;Celana Pendek;All Size;Motif;85000;Bahan : Twill import, modern fit bahan adem & nyaman di pakai;15;gambar_produk/celanapendek12.jpg
140;Celana Pendek;Celana Pendek;All Size;Motif;85000;Bahan : Twill import, modern fit bahan adem & nyaman di pakai;20;gambar_produk/celanapendek13.jpg
141;Celana Pendek;Celana Pendek;All Size;Motif;85000;Bahan : Twill import, modern fit bahan adem & nyaman di pakai;25;gambar_produk/celanapendek14.jpg
142;Celana Pendek;Celana Pendek;All Size;Motif;85000;Bahan : Twill import, modern fit bahan adem & nyaman di pakai;30;gambar_produk/celanapendek15.jpg
143;Celana Pendek;Celana Pendek;All Size;Motif;85000;Bahan : Twill import, modern fit bahan adem & nyaman di pakai;30;gambar_produk/celanapendek16.jpg
144;Celana Pendek;Celana Pendek;All Size;Hitam;85000;Bahan : Twill import, modern fit bahan adem & nyaman di pakai;25;gambar_produk/celanapendek17.jpg
145;Celana Pendek;Celana Pendek;All Size;Biru Navy;85000;Bahan : Twill import, modern fit bahan adem & nyaman di pakai;20;gambar_produk/celanapendek18.jpg
146;Celana Pendek;Celana Pendek;All Size;Hijau Tua;85000;Bahan : Twill import, modern fit bahan adem & nyaman di pakai;15;gambar_produk/celanapendek19.jpg
147;Celana Pendek;Celana Pendek;All Size;Biru;85000;Bahan : Twill import, modern fit bahan adem & nyaman di pakai;10;gambar_produk/celanapendek20.jpg
148;Celana Pendek;Celana Pendek;All Size;Cream;85000;Bahan : Twill import, modern fit bahan adem & nyaman di pakai;10;gambar_produk/celanapendek21.jpg
149;Celana Pendek;Celana Pendek;All Size;Kuning;85000;Bahan : Twill import, modern fit bahan adem & nyaman di pakai;15;gambar_produk/celanapendek22.jpg
150;Celana Pendek;Celana Pendek;All Size;Abu - abu;85000;Bahan : Twill import, modern fit bahan adem & nyaman di pakai;20;gambar_produk/celanapendek23.jpg
151;Celana Pendek;Celana Pendek;All Size;Hitam;85000;Bahan : Twill import, modern fit bahan adem & nyaman di pakai;25;gambar_produk/celanapendek24.jpg
152;Celana Pendek;Celana Pendek;All Size;Coklat;85000;Bahan : Twill import, modern fit bahan adem & nyaman di pakai;30;gambar_produk/celanapendek25.jpg
153;Celana Pendek;Celana Pendek;All Size;Cream;85000;Bahan : Twill import, modern fit bahan adem & nyaman di pakai;30;gambar_produk/celanapendek26.jpg
154;Celana Pendek;Celana Pendek;All Size;Hitam;85000;Bahan : Twill import, modern fit bahan adem & nyaman di pakai;25;gambar_produk/celanapendek27.jpg
155;Celana Pendek;Celana Pendek;All Size;Coklat;85000;Bahan : Twill import, modern fit bahan adem & nyaman di pakai;20;gambar_produk/celanapendek28.jpg
156;Celana Pendek;Celana Pendek;All Size;Cream;85000;Bahan : Twill import, modern fit bahan adem & nyaman di pakai;15;gambar_produk/celanapendek29.jpg
157;Celana Pendek;Celana Pendek;All Size;Hijau Tua;85000;Bahan : Twill import, modern fit bahan adem & nyaman di pakai;10;gambar_produk/celanapendek30.jpg
158;Celana Pendek;Celana Pendek;All Size;Cream;85000;Bahan : Twill import, modern fit bahan adem & nyaman di pakai;10;gambar_produk/celanapendek31.jpg
159;Celana Pendek;Celana Pendek;All Size;Abu - abu;85000;Bahan : Twill import, modern fit bahan adem & nyaman di pakai;15;gambar_produk/celanapendek32.jpg
160;Celana Pendek;Celana Pendek;All Size;Hitam;85000;Bahan : Twill import, modern fit bahan adem & nyaman di pakai;20;gambar_produk/celanapendek33.jpg
